time,id_command,id_feedback,iq_command,iq_feedback
0,0,0,40,0
1.00E-06,0,0,40,0
2.00E-06,0,0,40,0
3.00E-06,0,0,40,0
4.00E-06,0,0,40,0
5.00E-06,0,0,40,0
6.00E-06,0,0,40,0
7.00E-06,0,0,40,0
8.00E-06,0,0,40,0
9.00E-06,0,6.74E-14,40,0.043914254
1.00E-05,0,1.08E-12,40,0.087813885
1.10E-05,0,5.46E-12,40,0.131698897
1.20E-05,0,1.73E-11,40,0.175569294
1.30E-05,0,4.21E-11,40,0.219425082
1.40E-05,0,8.73E-11,40,0.263266265
1.50E-05,0,1.62E-10,40,0.307092848
1.60E-05,0,2.76E-10,40,0.350904836
1.70E-05,0,4.42E-10,40,0.394702234
1.80E-05,0,6.73E-10,40,0.438485045
1.90E-05,0,9.85E-10,40,0.482253276
2.00E-05,0,1.39E-09,40,0.52600693
2.10E-05,0,1.92E-09,40,0.569746013
2.20E-05,0,2.58E-09,40,0.613470529
2.30E-05,0,3.40E-09,40,0.657180483
2.40E-05,0,4.40E-09,40,0.700875879
2.50E-05,0,5.61E-09,40,0.744556723
2.60E-05,0,7.05E-09,40,0.788223019
2.70E-05,0,8.75E-09,40,0.831874772
2.80E-05,0,1.07E-08,40,0.875511986
2.90E-05,0,1.31E-08,40,0.919134666
3.00E-05,0,1.57E-08,40,0.962742818
3.10E-05,0,1.88E-08,40,1.006336445
3.20E-05,0,2.22E-08,40,1.049915552
3.30E-05,0,2.62E-08,40,1.093480145
3.40E-05,0,3.06E-08,40,1.137030228
3.50E-05,0,3.56E-08,40,1.180565804
3.60E-05,0,4.12E-08,40,1.224086881
3.70E-05,0,4.74E-08,40,1.267593461
3.80E-05,0,5.42E-08,40,1.31108555
3.90E-05,0,6.18E-08,40,1.354563152
4.00E-05,0,7.02E-08,40,1.398026272
4.10E-05,0,7.93E-08,40,1.441474915
4.20E-05,0,8.94E-08,40,1.484909086
4.30E-05,0,1.00E-07,40,1.528328788
4.40E-05,0,1.12E-07,40,1.571734028
4.50E-05,0,1.25E-07,40,1.615124809
4.60E-05,0,1.39E-07,40,1.658501136
4.70E-05,0,1.55E-07,40,1.701863015
4.80E-05,0,1.71E-07,40,1.745210449
4.90E-05,0,1.89E-07,40,1.788543443
5.00E-05,0,2.08E-07,40,1.831862003
5.10E-05,0,2.28E-07,40,1.875166132
5.20E-05,0,2.50E-07,40,1.918455835
5.30E-05,0,2.74E-07,40,1.961731118
5.40E-05,0,2.99E-07,40,2.004991984
5.50E-05,0,3.25E-07,40,2.048238439
5.60E-05,0,3.54E-07,40,2.091470487
5.70E-05,0,3.84E-07,40,2.134688132
5.80E-05,0,4.16E-07,40,2.177891381
5.90E-05,0,4.51E-07,40,2.221080236
6.00E-05,0,4.87E-07,40,2.264254703
6.10E-05,0,5.25E-07,40,2.307414787
6.20E-05,0,5.66E-07,40,2.350560492
6.30E-05,0,6.09E-07,40,2.393691822
6.40E-05,0,6.54E-07,40,2.436808784
6.50E-05,0,7.02E-07,40,2.47991138
6.60E-05,0,7.52E-07,40,2.522999616
6.70E-05,0,8.05E-07,40,2.566073497
6.80E-05,0,8.61E-07,40,2.609133027
6.90E-05,0,9.20E-07,40,2.652178211
7.00E-05,0,9.81E-07,40,2.695209053
7.10E-05,0,1.05E-06,40,2.738225558
7.20E-05,0,1.11E-06,40,2.781227731
7.30E-05,0,1.18E-06,40,2.824215577
7.40E-05,0,1.26E-06,40,2.8671891
7.50E-05,0,1.34E-06,40,2.910148304
7.60E-05,0,1.42E-06,40,2.953093195
7.70E-05,0,1.50E-06,40,2.996023777
7.80E-05,0,1.59E-06,40,3.038940055
7.90E-05,0,1.68E-06,40,3.081842033
8.00E-05,0,1.78E-06,40,3.124729716
8.10E-05,0,1.88E-06,40,3.167603108
8.20E-05,0,1.99E-06,40,3.210462215
8.30E-05,0,2.09E-06,40,3.253307041
8.40E-05,0,2.21E-06,40,3.29613759
8.50E-05,0,2.33E-06,40,3.338953868
8.60E-05,0,2.45E-06,40,3.381755878
8.70E-05,0,2.58E-06,40,3.424543626
8.80E-05,0,2.71E-06,40,3.467317115
8.90E-05,0,2.85E-06,40,3.510076352
9.00E-05,0,2.99E-06,40,3.55282134
9.10E-05,0,3.14E-06,40,3.595552084
9.20E-05,0,3.29E-06,40,3.638268588
9.30E-05,0,3.45E-06,40,3.680970858
9.40E-05,0,3.61E-06,40,3.723658897
9.50E-05,0,3.78E-06,40,3.766332711
9.60E-05,0,3.91E-06,40,3.76507805
9.70E-05,0,4.05E-06,40,3.763823796
9.80E-05,0,4.18E-06,40,3.762569949
9.90E-05,0,4.32E-06,40,3.76131651
0.0001,0,4.46E-06,40,3.760063477
0.000101,0,4.61E-06,40,3.758810852
0.000102,0,4.75E-06,40,3.757558633
0.000103,0,4.90E-06,40,3.756306821
0.000104,0,5.06E-06,40,3.755055415
0.000105,0,5.21E-06,40,3.753804415
0.000106,0,5.37E-06,40,3.752553822
0.000107,0,5.53E-06,40,3.751303635
0.000108,0,5.70E-06,40,3.750053854
0.000109,0,5.94E-06,40,3.792718733
0.00011,0,6.18E-06,40,3.835369394
0.000111,0,6.43E-06,40,3.878005842
0.000112,0,6.69E-06,40,3.92062808
0.000113,0,6.95E-06,40,3.963236115
0.000114,0,7.22E-06,40,4.00582995
0.000115,0,7.50E-06,40,4.04840959
0.000116,0,7.79E-06,40,4.09097504
0.000117,0,8.08E-06,40,4.133526304
0.000118,0,8.39E-06,40,4.176063387
0.000119,0,8.70E-06,40,4.218586293
0.00012,0,9.02E-06,40,4.261095028
0.000121,0,9.35E-06,40,4.303589595
0.000122,0,9.68E-06,40,4.346069999
0.000123,0,1.00E-05,40,4.388536245
0.000124,0,1.04E-05,40,4.430988338
0.000125,0,1.07E-05,40,4.473426282
0.000126,0,1.11E-05,40,4.515850082
0.000127,0,1.15E-05,40,4.558259741
0.000128,0,1.19E-05,40,4.600655266
0.000129,0,1.23E-05,40,4.64303666
0.00013,0,1.27E-05,40,4.685403928
0.000131,0,1.31E-05,40,4.727757075
0.000132,0,1.36E-05,40,4.770096105
0.000133,0,1.40E-05,40,4.812421022
0.000134,0,1.45E-05,40,4.854731832
0.000135,0,1.49E-05,40,4.897028539
0.000136,0,1.54E-05,40,4.939311148
0.000137,0,1.59E-05,40,4.981579663
0.000138,0,1.64E-05,40,5.023834088
0.000139,0,1.69E-05,40,5.066074429
0.00014,0,1.74E-05,40,5.108300689
0.000141,0,1.79E-05,40,5.150512874
0.000142,0,1.85E-05,40,5.192710988
0.000143,0,1.90E-05,40,5.234895035
0.000144,0,1.96E-05,40,5.277065021
0.000145,0,2.02E-05,40,5.319220949
0.000146,0,2.08E-05,40,5.361362824
0.000147,0,2.14E-05,40,5.403490651
0.000148,0,2.20E-05,40,5.445604435
0.000149,0,2.26E-05,40,5.487704179
0.00015,0,2.33E-05,40,5.529789889
0.000151,0,2.39E-05,40,5.571861569
0.000152,0,2.46E-05,40,5.613919224
0.000153,0,2.53E-05,40,5.655962858
0.000154,0,2.60E-05,40,5.697992475
0.000155,0,2.67E-05,40,5.740008081
0.000156,0,2.74E-05,40,5.78200968
0.000157,0,2.82E-05,40,5.823997276
0.000158,0,2.89E-05,40,5.865970873
0.000159,0,2.97E-05,40,5.907930478
0.00016,0,3.05E-05,40,5.949876093
0.000161,0,3.13E-05,40,5.991807724
0.000162,0,3.21E-05,40,6.033725375
0.000163,0,3.29E-05,40,6.07562905
0.000164,0,3.38E-05,40,6.117518755
0.000165,0,3.47E-05,40,6.159394493
0.000166,0,3.55E-05,40,6.20125627
0.000167,0,3.64E-05,40,6.243104089
0.000168,0,3.74E-05,40,6.284937956
0.000169,0,3.83E-05,40,6.326757874
0.00017,0,3.92E-05,40,6.368563849
0.000171,0,4.02E-05,40,6.410355885
0.000172,0,4.12E-05,40,6.452133986
0.000173,0,4.22E-05,40,6.493898157
0.000174,0,4.32E-05,40,6.535648403
0.000175,0,4.43E-05,40,6.577384727
0.000176,0,4.53E-05,40,6.619107135
0.000177,0,4.64E-05,40,6.660815631
0.000178,0,4.75E-05,40,6.70251022
0.000179,0,4.87E-05,40,6.744190905
0.00018,0,4.98E-05,40,6.785857692
0.000181,0,5.10E-05,40,6.827510586
0.000182,0,5.21E-05,40,6.869149589
0.000183,0,5.33E-05,40,6.910774708
0.000184,0,5.46E-05,40,6.952385947
0.000185,0,5.58E-05,40,6.993983309
0.000186,0,5.71E-05,40,7.035566801
0.000187,0,5.83E-05,40,7.077136425
0.000188,0,5.97E-05,40,7.118692187
0.000189,0,6.10E-05,40,7.160234091
0.00019,0,6.23E-05,40,7.201762142
0.000191,0,6.37E-05,40,7.243276344
0.000192,0,6.51E-05,40,7.284776702
0.000193,0,6.65E-05,40,7.326263219
0.000194,0,6.80E-05,40,7.367735902
0.000195,0,6.94E-05,40,7.409194753
0.000196,0,7.05E-05,40,7.406725524
0.000197,0,7.16E-05,40,7.404257096
0.000198,0,7.27E-05,40,7.40178947
0.000199,0,7.38E-05,40,7.399322646
0.0002,0,7.49E-05,40,7.396856622
0.000201,0,7.60E-05,40,7.394391399
0.000202,0,7.71E-05,40,7.391926977
0.000203,0,7.83E-05,40,7.389463355
0.000204,0,7.94E-05,40,7.387000532
0.000205,0,8.06E-05,40,7.38453851
0.000206,0,8.18E-05,40,7.382077287
0.000207,0,8.30E-05,40,7.379616863
0.000208,0,8.42E-05,40,7.377157239
0.000209,0,8.59E-05,40,7.418612667
0.00021,0,8.76E-05,40,7.46005427
0.000211,0,8.94E-05,40,7.501482052
0.000212,0,9.12E-05,40,7.542896018
0.000213,0,9.30E-05,40,7.584296172
0.000214,0,9.49E-05,40,7.625682518
0.000215,0,9.67E-05,40,7.667055062
0.000216,0,9.86E-05,40,7.708413808
0.000217,0,0.000100561,40,7.749758759
0.000218,0,0.000102516,40,7.791089921
0.000219,0,0.000104498,40,7.832407299
0.00022,0,0.000106509,40,7.873710895
0.000221,0,0.000108547,40,7.915000716
0.000222,0,0.000110614,40,7.956276765
0.000223,0,0.00011271,40,7.997539048
0.000224,0,0.000114835,40,8.038787567
0.000225,0,0.000116989,40,8.080022329
0.000226,0,0.000119173,40,8.121243337
0.000227,0,0.000121386,40,8.162450596
0.000228,0,0.000123629,40,8.20364411
0.000229,0,0.000125903,40,8.244823884
0.00023,0,0.000128208,40,8.285989922
0.000231,0,0.000130543,40,8.327142228
0.000232,0,0.00013291,40,8.368280808
0.000233,0,0.000135308,40,8.409405666
0.000234,0,0.000137738,40,8.450516805
0.000235,0,0.0001402,40,8.491614231
0.000236,0,0.000142694,40,8.532697949
0.000237,0,0.000145221,40,8.573767961
0.000238,0,0.00014778,40,8.614824273
0.000239,0,0.000150373,40,8.65586689
0.00024,0,0.000153,40,8.696895815
0.000241,0,0.00015566,40,8.737911054
0.000242,0,0.000158354,40,8.77891261
0.000243,0,0.000161082,40,8.819900489
0.000244,0,0.000163845,40,8.860874694
0.000245,0,0.000166643,40,8.90183523
0.000246,0,0.000169477,40,8.942782101
0.000247,0,0.000172345,40,8.983715312
0.000248,0,0.00017525,40,9.024634868
0.000249,0,0.000178191,40,9.065540772
0.00025,0,0.000181168,40,9.106433029
0.000251,0,0.000184182,40,9.147311644
0.000252,0,0.000187233,40,9.188176621
0.000253,0,0.000190321,40,9.229027964
0.000254,0,0.000193447,40,9.269865679
0.000255,0,0.000196611,40,9.310689768
0.000256,0,0.000199813,40,9.351500238
0.000257,0,0.000203053,40,9.392297091
0.000258,0,0.000206333,40,9.433080333
0.000259,0,0.000209651,40,9.473849968
0.00026,0,0.000213009,40,9.514606001
0.000261,0,0.000216407,40,9.555348435
0.000262,0,0.000219846,40,9.596077275
0.000263,0,0.000223324,40,9.636792527
0.000264,0,0.000226843,40,9.677494193
0.000265,0,0.000230404,40,9.718182279
0.000266,0,0.000234006,40,9.758856788
0.000267,0,0.000237649,40,9.799517726
0.000268,0,0.000241335,40,9.840165097
0.000269,0,0.000245063,40,9.880798904
0.00027,0,0.000248833,40,9.921419154
0.000271,0,0.000252647,40,9.962025849
0.000272,0,0.000256504,40,10.00261899
0.000273,0,0.000260404,40,10.04319859
0.000274,0,0.000264349,40,10.08376465
0.000275,0,0.000268338,40,10.12431718
0.000276,0,0.000272372,40,10.16485617
0.000277,0,0.00027645,40,10.20538163
0.000278,0,0.000280574,40,10.24589357
0.000279,0,0.000284744,40,10.28639199
0.00028,0,0.00028896,40,10.3268769
0.000281,0,0.000293222,40,10.36734829
0.000282,0,0.000297531,40,10.40780618
0.000283,0,0.000301886,40,10.44825057
0.000284,0,0.000306289,40,10.48868147
0.000285,0,0.00031074,40,10.52909886
0.000286,0,0.000315239,40,10.56950278
0.000287,0,0.000319786,40,10.6098932
0.000288,0,0.000324383,40,10.65027015
0.000289,0,0.000329028,40,10.69063362
0.00029,0,0.000333722,40,10.73098363
0.000291,0,0.000338467,40,10.77132016
0.000292,0,0.000343261,40,10.81164324
0.000293,0,0.000348106,40,10.85195285
0.000294,0,0.000353002,40,10.89224902
0.000295,0,0.000357949,40,10.93253173
0.000296,0,0.000361495,40,10.92888675
0.000297,0,0.000365064,40,10.92524295
0.000298,0,0.000368656,40,10.92160033
0.000299,0,0.000372269,40,10.91795889
0.0003,0,0.000375906,40,10.91431864
0.000301,0,0.000379565,40,10.91067957
0.000302,0,0.000383247,40,10.90704168
0.000303,0,0.000386951,40,10.90340497
0.000304,0,0.000390677,40,10.89976945
0.000305,0,0.000394426,40,10.8961351
0.000306,0,0.000398197,40,10.89250194
0.000307,0,0.00040199,40,10.88886995
0.000308,0,0.000405806,40,10.88523915
0.000309,0,0.000411297,40,10.92552377
0.00031,0,0.000416843,40,10.96579495
0.000311,0,0.000422442,40,11.00605269
0.000312,0,0.000428097,40,11.046297
0.000313,0,0.000433806,40,11.08652787
0.000314,0,0.000439571,40,11.12674532
0.000315,0,0.000445392,40,11.16694934
0.000316,0,0.000451269,40,11.20713994
0.000317,0,0.000457203,40,11.24731713
0.000318,0,0.000463193,40,11.28748091
0.000319,0,0.000469241,40,11.32763128
0.00032,0,0.000475346,40,11.36776825
0.000321,0,0.00048151,40,11.40789182
0.000322,0,0.000487732,40,11.44800201
0.000323,0,0.000494012,40,11.4880988
0.000324,0,0.000500352,40,11.52818221
0.000325,0,0.000506751,40,11.56825223
0.000326,0,0.00051321,40,11.60830889
0.000327,0,0.00051973,40,11.64835217
0.000328,0,0.00052631,40,11.68838209
0.000329,0,0.000532951,40,11.72839864
0.00033,0,0.000539653,40,11.76840183
0.000331,0,0.000546417,40,11.80839167
0.000332,0,0.000553243,40,11.84836817
0.000333,0,0.000560132,40,11.88833131
0.000334,0,0.000567083,40,11.92828112
0.000335,0,0.000574098,40,11.96821759
0.000336,0,0.000581177,40,12.00814073
0.000337,0,0.000588319,40,12.04805054
0.000338,0,0.000595526,40,12.08794702
0.000339,0,0.000602798,40,12.12783019
0.00034,0,0.000610135,40,12.16770004
0.000341,0,0.000617538,40,12.20755659
0.000342,0,0.000625006,40,12.24739982
0.000343,0,0.000632541,40,12.28722976
0.000344,0,0.000640143,40,12.32704639
0.000345,0,0.000647812,40,12.36684974
0.000346,0,0.000655548,40,12.40663979
0.000347,0,0.000663353,40,12.44641656
0.000348,0,0.000671225,40,12.48618005
0.000349,0,0.000679167,40,12.52593027
0.00035,0,0.000687177,40,12.56566721
0.000351,0,0.000695257,40,12.60539089
0.000352,0,0.000703407,40,12.6451013
0.000353,0,0.000711628,40,12.68479846
0.000354,0,0.000719919,40,12.72448236
0.000355,0,0.000728281,40,12.76415301
0.000356,0,0.000736715,40,12.80381041
0.000357,0,0.000745221,40,12.84345457
0.000358,0,0.000753799,40,12.8830855
0.000359,0,0.00076245,40,12.92270319
0.00036,0,0.000771174,40,12.96230766
0.000361,0,0.000779972,40,13.0018989
0.000362,0,0.000788844,40,13.04147692
0.000363,0,0.00079779,40,13.08104172
0.000364,0,0.000806811,40,13.12059331
0.000365,0,0.000815908,40,13.1601317
0.000366,0,0.00082508,40,13.19965688
0.000367,0,0.000834328,40,13.23916887
0.000368,0,0.000843652,40,13.27866766
0.000369,0,0.000853054,40,13.31815326
0.00037,0,0.000862533,40,13.35762567
0.000371,0,0.000872089,40,13.39708491
0.000372,0,0.000881724,40,13.43653097
0.000373,0,0.000891438,40,13.47596385
0.000374,0,0.00090123,40,13.51538357
0.000375,0,0.000911102,40,13.55479012
0.000376,0,0.000921054,40,13.59418351
0.000377,0,0.000931086,40,13.63356374
0.000378,0,0.000941199,40,13.67293083
0.000379,0,0.000951393,40,13.71228476
0.00038,0,0.000961669,40,13.75162556
0.000381,0,0.000972027,40,13.79095321
0.000382,0,0.000982467,40,13.83026774
0.000383,0,0.00099299,40,13.86956913
0.000384,0,0.001003597,40,13.90885739
0.000385,0,0.001014287,40,13.94813254
0.000386,0,0.001025061,40,13.98739456
0.000387,0,0.001035921,40,14.02664348
0.000388,0,0.001046865,40,14.06587928
0.000389,0,0.001057895,40,14.10510198
0.00039,0,0.001069011,40,14.14431158
0.000391,0,0.001080213,40,14.18350809
0.000392,0,0.001091502,40,14.2226915
0.000393,0,0.001102878,40,14.26186182
0.000394,0,0.001114342,40,14.30101906
0.000395,0,0.001125895,40,14.34016323
0.000396,0,0.001134062,40,14.33538006
0.000397,0,0.001142266,40,14.33059845
0.000398,0,0.001150508,40,14.32581839
0.000399,0,0.001158788,40,14.32103988
0.0004,0,0.001167105,40,14.31626292
0.000401,0,0.001175459,40,14.31148752
0.000402,0,0.001183851,40,14.30671366
0.000403,0,0.001192279,40,14.30194136
0.000404,0,0.001200745,40,14.2971706
0.000405,0,0.001209248,40,14.2924014
0.000406,0,0.001217788,40,14.28763374
0.000407,0,0.001226365,40,14.28286763
0.000408,0,0.001234979,40,14.27810307
0.000409,0,0.001247456,40,14.31725431
0.00041,0,0.001260024,40,14.35639247
0.000411,0,0.001272685,40,14.39551756
0.000412,0,0.001285438,40,14.43462959
0.000413,0,0.001298284,40,14.47372854
0.000414,0,0.001311224,40,14.51281444
0.000415,0,0.001324258,40,14.55188728
0.000416,0,0.001337386,40,14.59094707
0.000417,0,0.001350609,40,14.62999381
0.000418,0,0.001363928,40,14.66902751
0.000419,0,0.001377342,40,14.70804817
0.00042,0,0.001390852,40,14.7470558
0.000421,0,0.001404459,40,14.7860504
0.000422,0,0.001418163,40,14.82503197
0.000423,0,0.001431965,40,14.86400051
0.000424,0,0.001445864,40,14.90295604
0.000425,0,0.001459862,40,14.94189856
0.000426,0,0.00147396,40,14.98082807
0.000427,0,0.001488156,40,15.01974457
0.000428,0,0.001502453,40,15.05864807
0.000429,0,0.001516849,40,15.09753857
0.00043,0,0.001531347,40,15.13641609
0.000431,0,0.001545946,40,15.17528061
0.000432,0,0.001560647,40,15.21413215
0.000433,0,0.001575449,40,15.25297071
0.000434,0,0.001590355,40,15.29179629
0.000435,0,0.001605364,40,15.33060891
0.000436,0,0.001620476,40,15.36940855
0.000437,0,0.001635693,40,15.40819524
0.000438,0,0.001651014,40,15.44696896
0.000439,0,0.00166644,40,15.48572973
0.00044,0,0.001681971,40,15.52447755
0.000441,0,0.001697609,40,15.56321243
0.000442,0,0.001713353,40,15.60193436
0.000443,0,0.001729204,40,15.64064335
0.000444,0,0.001745163,40,15.67933942
0.000445,0,0.001761229,40,15.71802255
0.000446,0,0.001777404,40,15.75669275
0.000447,0,0.001793688,40,15.79535004
0.000448,0,0.001810081,40,15.83399441
0.000449,0,0.001826584,40,15.87262587
0.00045,0,0.001843197,40,15.91124442
0.000451,0,0.001859921,40,15.94985006
0.000452,0,0.001876757,40,15.98844281
0.000453,0,0.001893704,40,16.02702265
0.000454,0,0.001910763,40,16.06558961
0.000455,0,0.001927936,40,16.10414368
0.000456,0,0.001945221,40,16.14268487
0.000457,0,0.00196262,40,16.18121318
0.000458,0,0.001980134,40,16.21972861
0.000459,0,0.001997762,40,16.25823117
0.00046,0,0.002015506,40,16.29672087
0.000461,0,0.002033365,40,16.3351977
0.000462,0,0.002051341,40,16.37366168
0.000463,0,0.002069433,40,16.4121128
0.000464,0,0.002087642,40,16.45055107
0.000465,0,0.002105969,40,16.4889765
0.000466,0,0.002124415,40,16.52738909
0.000467,0,0.002142979,40,16.56578884
0.000468,0,0.002161662,40,16.60417575
0.000469,0,0.002180465,40,16.64254984
0.00047,0,0.002199389,40,16.6809111
0.000471,0,0.002218433,40,16.71925954
0.000472,0,0.002237598,40,16.75759517
0.000473,0,0.002256885,40,16.79591798
0.000474,0,0.002276294,40,16.83422798
0.000475,0,0.002295826,40,16.87252518
0.000476,0,0.002315482,40,16.91080959
0.000477,0,0.002335261,40,16.94908119
0.000478,0,0.002355165,40,16.98734001
0.000479,0,0.002375193,40,17.02558603
0.00048,0,0.002395346,40,17.06381928
0.000481,0,0.002415626,40,17.10203974
0.000482,0,0.002436032,40,17.14024743
0.000483,0,0.002456564,40,17.17844235
0.000484,0,0.002477225,40,17.2166245
0.000485,0,0.002498013,40,17.25479389
0.000486,0,0.002518929,40,17.29295053
0.000487,0,0.002539974,40,17.3310944
0.000488,0,0.002561149,40,17.36922553
0.000489,0,0.002582454,40,17.40734391
0.00049,0,0.002603889,40,17.44544956
0.000491,0,0.002625456,40,17.48354246
0.000492,0,0.002647154,40,17.52162263
0.000493,0,0.002668984,40,17.55969007
0.000494,0,0.002690947,40,17.59774479
0.000495,0,0.002713042,40,17.63578678
0.000496,0,0.002728476,40,17.6299018
0.000497,0,0.002743964,40,17.62401874
0.000498,0,0.002759506,40,17.61813758
0.000499,0,0.002775104,40,17.61225834
0.0005,0,0.002790755,40,17.606381
0.000501,0,0.002806461,40,17.60050558
0.000502,0,0.00282222,40,17.59463206
0.000503,0,0.002838034,40,17.58876044
0.000504,0,0.002853902,40,17.58289074
0.000505,0,0.002869824,40,17.57702294
0.000506,0,0.0028858,40,17.57115705
0.000507,0,0.00290183,40,17.56529306
0.000508,0,0.002917913,40,17.55943097
0.000509,0,0.00294139,40,17.59748504
0.00051,0,0.002965003,40,17.6355264
0.000511,0,0.002988755,40,17.67355503
0.000512,0,0.003012645,40,17.71157095
0.000513,0,0.003036673,40,17.74957417
0.000514,0,0.003060841,40,17.78756468
0.000515,0,0.003085149,40,17.82554249
0.000516,0,0.003109597,40,17.8635076
0.000517,0,0.003134186,40,17.90146002
0.000518,0,0.003158916,40,17.93939976
0.000519,0,0.003183788,40,17.97732681
0.00052,0,0.003208803,40,18.01524118
0.000521,0,0.00323396,40,18.05314287
0.000522,0,0.003259262,40,18.0910319
0.000523,0,0.003284707,40,18.12890825
0.000524,0,0.003310297,40,18.16677195
0.000525,0,0.003336032,40,18.20462298
0.000526,0,0.003361913,40,18.24246136
0.000527,0,0.00338794,40,18.28028709
0.000528,0,0.003414113,40,18.31810018
0.000529,0,0.003440434,40,18.35590062
0.00053,0,0.003466903,40,18.39368842
0.000531,0,0.003493521,40,18.43146359
0.000532,0,0.003520287,40,18.46922612
0.000533,0,0.003547203,40,18.50697603
0.000534,0,0.003574269,40,18.54471332
0.000535,0,0.003601485,40,18.58243799
0.000536,0,0.003628853,40,18.62015005
0.000537,0,0.003656372,40,18.6578495
0.000538,0,0.003684043,40,18.69553634
0.000539,0,0.003711868,40,18.73321058
0.00054,0,0.003739845,40,18.77087223
0.000541,0,0.003767977,40,18.80852127
0.000542,0,0.003796263,40,18.84615774
0.000543,0,0.003824704,40,18.88378161
0.000544,0,0.0038533,40,18.92139291
0.000545,0,0.003882053,40,18.95899162
0.000546,0,0.003910962,40,18.99657777
0.000547,0,0.003940029,40,19.03415134
0.000548,0,0.003969253,40,19.07171235
0.000549,0,0.003998635,40,19.1092608
0.00055,0,0.004028177,40,19.1467967
0.000551,0,0.004057878,40,19.18432004
0.000552,0,0.004087739,40,19.22183083
0.000553,0,0.00411776,40,19.25932908
0.000554,0,0.004147943,40,19.29681479
0.000555,0,0.004178288,40,19.33428796
0.000556,0,0.004208794,40,19.3717486
0.000557,0,0.004239464,40,19.40919671
0.000558,0,0.004270297,40,19.4466323
0.000559,0,0.004301294,40,19.48405536
0.00056,0,0.004332455,40,19.52146592
0.000561,0,0.004363782,40,19.55886396
0.000562,0,0.004395274,40,19.59624949
0.000563,0,0.004426933,40,19.63362252
0.000564,0,0.004458758,40,19.67098304
0.000565,0,0.004490751,40,19.70833108
0.000566,0,0.004522912,40,19.74566662
0.000567,0,0.004555241,40,19.78298967
0.000568,0,0.004587739,40,19.82030024
0.000569,0,0.004620408,40,19.85759834
0.00057,0,0.004653246,40,19.89488395
0.000571,0,0.004686255,40,19.9321571
0.000572,0,0.004719436,40,19.96941777
0.000573,0,0.004752789,40,20.00666599
0.000574,0,0.004786314,40,20.04390174
0.000575,0,0.004820013,40,20.08112504
0.000576,0,0.004853885,40,20.11833589
0.000577,0,0.004887931,40,20.1555343
0.000578,0,0.004922153,40,20.19272026
0.000579,0,0.00495655,40,20.22989378
0.00058,0,0.004991123,40,20.26705486
0.000581,0,0.005025873,40,20.30420352
0.000582,0,0.0050608,40,20.34133975
0.000583,0,0.005095905,40,20.37846355
0.000584,0,0.005131188,40,20.41557494
0.000585,0,0.005166651,40,20.45267391
0.000586,0,0.005202293,40,20.48976047
0.000587,0,0.005238115,40,20.52683463
0.000588,0,0.005274118,40,20.56389638
0.000589,0,0.005310302,40,20.60094573
0.00059,0,0.005346669,40,20.63798269
0.000591,0,0.005383218,40,20.67500726
0.000592,0,0.00541995,40,20.71201944
0.000593,0,0.005456866,40,20.74901924
0.000594,0,0.005493966,40,20.78600666
0.000595,0,0.005531251,40,20.82298171
0.000596,0,0.005557,40,20.81603013
0.000597,0,0.005582821,40,20.80908081
0.000598,0,0.005608716,40,20.80213375
0.000599,0,0.005634683,40,20.79518894
0.0006,0,0.005660723,40,20.78824639
0.000601,0,0.005686836,40,20.78130609
0.000602,0,0.005713022,40,20.77436805
0.000603,0,0.00573928,40,20.76743226
0.000604,0,0.00576561,40,20.76049872
0.000605,0,0.005792012,40,20.75356744
0.000606,0,0.005818486,40,20.7466384
0.000607,0,0.005845033,40,20.73971161
0.000608,0,0.005871651,40,20.73278708
0.000609,0,0.005910837,40,20.76977904
0.00061,0,0.005950213,40,20.80675863
0.000611,0,0.005989779,40,20.84372585
0.000612,0,0.006029536,40,20.8806807
0.000613,0,0.006069483,40,20.91762318
0.000614,0,0.006109623,40,20.95455331
0.000615,0,0.006149955,40,20.99147108
0.000616,0,0.00619048,40,21.02837649
0.000617,0,0.006231198,40,21.06526956
0.000618,0,0.006272111,40,21.10215029
0.000619,0,0.006313219,40,21.13901868
0.00062,0,0.006354521,40,21.17587473
0.000621,0,0.00639602,40,21.21271845
0.000622,0,0.006437716,40,21.24954984
0.000623,0,0.006479609,40,21.2863689
0.000624,0,0.006521699,40,21.32317565
0.000625,0,0.006563988,40,21.35997008
0.000626,0,0.006606477,40,21.3967522
0.000627,0,0.006649164,40,21.43352201
0.000628,0,0.006692052,40,21.47027952
0.000629,0,0.006735141,40,21.50702473
0.00063,0,0.006778432,40,21.54375764
0.000631,0,0.006821924,40,21.58047826
0.000632,0,0.006865619,40,21.6171866
0.000633,0,0.006909518,40,21.65388265
0.000634,0,0.00695362,40,21.69056642
0.000635,0,0.006997927,40,21.72723791
0.000636,0,0.007042439,40,21.76389713
0.000637,0,0.007087157,40,21.80054409
0.000638,0,0.007132081,40,21.83717878
0.000639,0,0.007177212,40,21.87380121
0.00064,0,0.007222551,40,21.91041138
0.000641,0,0.007268098,40,21.9470093
0.000642,0,0.007313854,40,21.98359498
0.000643,0,0.007359819,40,22.02016841
0.000644,0,0.007405995,40,22.0567296
0.000645,0,0.007452381,40,22.09327855
0.000646,0,0.007498978,40,22.12981527
0.000647,0,0.007545788,40,22.16633977
0.000648,0,0.00759281,40,22.20285204
0.000649,0,0.007640045,40,22.23935209
0.00065,0,0.007687494,40,22.27583992
0.000651,0,0.007735158,40,22.31231554
0.000652,0,0.007783036,40,22.34877896
0.000653,0,0.007831131,40,22.38523016
0.000654,0,0.007879441,40,22.42166917
0.000655,0,0.007927969,40,22.45809598
0.000656,0,0.007976714,40,22.4945106
0.000657,0,0.008025678,40,22.53091304
0.000658,0,0.00807486,40,22.56730328
0.000659,0,0.008124262,40,22.60368135
0.00066,0,0.008173884,40,22.64004724
0.000661,0,0.008223726,40,22.67640096
0.000662,0,0.008273791,40,22.7127425
0.000663,0,0.008324077,40,22.74907189
0.000664,0,0.008374586,40,22.78538911
0.000665,0,0.008425318,40,22.82169418
0.000666,0,0.008476274,40,22.85798709
0.000667,0,0.008527454,40,22.89426785
0.000668,0,0.00857886,40,22.93053647
0.000669,0,0.008630492,40,22.96679295
0.00067,0,0.00868235,40,23.00303729
0.000671,0,0.008734435,40,23.0392695
0.000672,0,0.008786748,40,23.07548958
0.000673,0,0.00883929,40,23.11169753
0.000674,0,0.00889206,40,23.14789336
0.000675,0,0.00894506,40,23.18407708
0.000676,0,0.008998291,40,23.22024868
0.000677,0,0.009051752,40,23.25640817
0.000678,0,0.009105446,40,23.29255556
0.000679,0,0.009159371,40,23.32869084
0.00068,0,0.009213529,40,23.36481403
0.000681,0,0.009267921,40,23.40092512
0.000682,0,0.009322548,40,23.43702412
0.000683,0,0.009377409,40,23.47311104
0.000684,0,0.009432505,40,23.50918587
0.000685,0,0.009487838,40,23.54524863
0.000686,0,0.009543407,40,23.58129931
0.000687,0,0.009599215,40,23.61733792
0.000688,0,0.00965526,40,23.65336447
0.000689,0,0.009711544,40,23.68937895
0.00069,0,0.009768067,40,23.72538138
0.000691,0,0.00982483,40,23.76137175
0.000692,0,0.009881835,40,23.79735007
0.000693,0,0.00993908,40,23.83331634
0.000694,0,0.009996568,40,23.86927057
0.000695,0,0.010054298,40,23.90521276
0.000696,0,0.010093726,40,23.89722867
0.000697,0,0.010133245,40,23.88924716
0.000698,0,0.010172857,40,23.88126825
0.000699,0,0.010212561,40,23.87329193
0.0007,0,0.010252357,40,23.8653182
0.000701,0,0.010292244,40,23.85734706
0.000702,0,0.010332224,40,23.84937851
0.000703,0,0.010372294,40,23.84141255
0.000704,0,0.010412456,40,23.83344917
0.000705,0,0.01045271,40,23.82548838
0.000706,0,0.010493054,40,23.81753017
0.000707,0,0.010533489,40,23.80957455
0.000708,0,0.010574015,40,23.80162151
0.000709,0,0.01063422,40,23.8375853
0.00071,0,0.010694672,40,23.87353706
0.000711,0,0.010755373,40,23.90947677
0.000712,0,0.010816323,40,23.94540445
0.000713,0,0.010877521,40,23.9813201
0.000714,0,0.01093897,40,24.01722372
0.000715,0,0.01100067,40,24.05311532
0.000716,0,0.011062621,40,24.0889949
0.000717,0,0.011124825,40,24.12486246
0.000718,0,0.011187281,40,24.16071802
0.000719,0,0.01124999,40,24.19656157
0.00072,0,0.011312954,40,24.23239311
0.000721,0,0.011376172,40,24.26821266
0.000722,0,0.011439646,40,24.30402021
0.000723,0,0.011503376,40,24.33981577
0.000724,0,0.011567363,40,24.37559934
0.000725,0,0.011631607,40,24.41137093
0.000726,0,0.011696109,40,24.44713054
0.000727,0,0.011760869,40,24.48287817
0.000728,0,0.011825889,40,24.51861383
0.000729,0,0.01189117,40,24.55433753
0.00073,0,0.011956711,40,24.59004925
0.000731,0,0.012022513,40,24.62574902
0.000732,0,0.012088577,40,24.66143683
0.000733,0,0.012154904,40,24.69711269
0.000734,0,0.012221495,40,24.73277661
0.000735,0,0.01228835,40,24.76842857
0.000736,0,0.012355469,40,24.8040686
0.000737,0,0.012422854,40,24.83969669
0.000738,0,0.012490505,40,24.87531284
0.000739,0,0.012558422,40,24.91091707
0.00074,0,0.012626607,40,24.94650937
0.000741,0,0.01269506,40,24.98208975
0.000742,0,0.012763782,40,25.01765821
0.000743,0,0.012832774,40,25.05321476
0.000744,0,0.012902035,40,25.08875939
0.000745,0,0.012971568,40,25.12429213
0.000746,0,0.013041372,40,25.15981295
0.000747,0,0.013111448,40,25.19532189
0.000748,0,0.013181797,40,25.23081892
0.000749,0,0.013252419,40,25.26630407
0.00075,0,0.013323316,40,25.30177733
0.000751,0,0.013394488,40,25.33723871
0.000752,0,0.013465935,40,25.3726882
0.000753,0,0.013537658,40,25.40812583
0.000754,0,0.013609659,40,25.44355158
0.000755,0,0.013681937,40,25.47896546
0.000756,0,0.013754493,40,25.51436748
0.000757,0,0.013827329,40,25.54975764
0.000758,0,0.013900444,40,25.58513595
0.000759,0,0.013973839,40,25.6205024
0.00076,0,0.014047516,40,25.65585701
0.000761,0,0.014121474,40,25.69119977
0.000762,0,0.014195715,40,25.72653069
0.000763,0,0.014270239,40,25.76184977
0.000764,0,0.014345046,40,25.79715702
0.000765,0,0.014420139,40,25.83245244
0.000766,0,0.014495516,40,25.86773604
0.000767,0,0.014571179,40,25.90300781
0.000768,0,0.014647129,40,25.93826777
0.000769,0,0.014723366,40,25.97351591
0.00077,0,0.014799891,40,26.00875225
0.000771,0,0.014876705,40,26.04397677
0.000772,0,0.014953808,40,26.0791895
0.000773,0,0.015031202,40,26.11439043
0.000774,0,0.015108886,40,26.14957956
0.000775,0,0.015186861,40,26.1847569
0.000776,0,0.015265129,40,26.21992246
0.000777,0,0.015343689,40,26.25507623
0.000778,0,0.015422543,40,26.29021823
0.000779,0,0.015501691,40,26.32534845
0.00078,0,0.015581134,40,26.36046689
0.000781,0,0.015660873,40,26.39557357
0.000782,0,0.015740908,40,26.43066849
0.000783,0,0.01582124,40,26.46575164
0.000784,0,0.01590187,40,26.50082304
0.000785,0,0.015982799,40,26.53588269
0.000786,0,0.016064026,40,26.57093059
0.000787,0,0.016145554,40,26.60596674
0.000788,0,0.016227382,40,26.64099115
0.000789,0,0.016309511,40,26.67600383
0.00079,0,0.016391942,40,26.71100477
0.000791,0,0.016474676,40,26.74599398
0.000792,0,0.016557713,40,26.78097147
0.000793,0,0.016641055,40,26.81593723
0.000794,0,0.016724701,40,26.85089128
0.000795,0,0.016808652,40,26.88583361
0.000796,0,0.016865358,40,26.87684999
0.000797,0,0.016922175,40,26.86786928
0.000798,0,0.016979104,40,26.85889149
0.000799,0,0.017036145,40,26.84991661
0.0008,0,0.017093296,40,26.84094465
0.000801,0,0.017150559,40,26.83197561
0.000802,0,0.017207933,40,26.82300947
0.000803,0,0.017265417,40,26.81404625
0.000804,0,0.017323012,40,26.80508593
0.000805,0,0.017380717,40,26.79612853
0.000806,0,0.017438533,40,26.78717403
0.000807,0,0.017496458,40,26.77822245
0.000808,0,0.017554493,40,26.76927377
0.000809,0,0.017641536,40,26.80424224
0.00081,0,0.01772889,40,26.83919899
0.000811,0,0.017816555,40,26.87414402
0.000812,0,0.017904532,40,26.90907735
0.000813,0,0.017992821,40,26.94399896
0.000814,0,0.018081424,40,26.97890887
0.000815,0,0.018170341,40,27.01380709
0.000816,0,0.018259573,40,27.0486936
0.000817,0,0.01834912,40,27.08356843
0.000818,0,0.018438984,40,27.11843156
0.000819,0,0.018529164,40,27.15328301
0.00082,0,0.018619662,40,27.18812278
0.000821,0,0.018710479,40,27.22295088
0.000822,0,0.018801614,40,27.25776729
0.000823,0,0.018893069,40,27.29257204
0.000824,0,0.018984845,40,27.32736513
0.000825,0,0.019076942,40,27.36214655
0.000826,0,0.019169361,40,27.39691631
0.000827,0,0.019262102,40,27.43167442
0.000828,0,0.019355167,40,27.46642088
0.000829,0,0.019448556,40,27.50115569
0.00083,0,0.019542269,40,27.53587885
0.000831,0,0.019636309,40,27.57059038
0.000832,0,0.019730674,40,27.60529027
0.000833,0,0.019825366,40,27.63997854
0.000834,0,0.019920386,40,27.67465517
0.000835,0,0.020015734,40,27.70932018
0.000836,0,0.020111412,40,27.74397356
0.000837,0,0.020207419,40,27.77861533
0.000838,0,0.020303757,40,27.81324549
0.000839,0,0.020400426,40,27.84786404
0.00084,0,0.020497427,40,27.88247098
0.000841,0,0.02059476,40,27.91706633
0.000842,0,0.020692427,40,27.95165007
0.000843,0,0.020790429,40,27.98622222
0.000844,0,0.020888765,40,28.02078278
0.000845,0,0.020987436,40,28.05533175
0.000846,0,0.021086444,40,28.08986914
0.000847,0,0.02118579,40,28.12439495
0.000848,0,0.021285472,40,28.15890919
0.000849,0,0.021385494,40,28.19341185
0.00085,0,0.021485854,40,28.22790295
0.000851,0,0.021586555,40,28.26238248
0.000852,0,0.021687596,40,28.29685045
0.000853,0,0.021788979,40,28.33130686
0.000854,0,0.021890704,40,28.36575173
0.000855,0,0.021992771,40,28.40018504
0.000856,0,0.022095183,40,28.43460681
0.000857,0,0.022197939,40,28.46901703
0.000858,0,0.022301039,40,28.50341572
0.000859,0,0.022404486,40,28.53780287
0.00086,0,0.022508279,40,28.5721785
0.000861,0,0.022612419,40,28.60654259
0.000862,0,0.022716908,40,28.64089517
0.000863,0,0.022821745,40,28.67523622
0.000864,0,0.022926932,40,28.70956576
0.000865,0,0.023032469,40,28.74388379
0.000866,0,0.023138357,40,28.77819031
0.000867,0,0.023244596,40,28.81248533
0.000868,0,0.023351188,40,28.84676884
0.000869,0,0.023458133,40,28.88104086
0.00087,0,0.023565433,40,28.91530139
0.000871,0,0.023673086,40,28.94955042
0.000872,0,0.023781096,40,28.98378797
0.000873,0,0.023889461,40,29.01801404
0.000874,0,0.023998183,40,29.05222863
0.000875,0,0.024107263,40,29.08643175
0.000876,0,0.024216701,40,29.1206234
0.000877,0,0.024326498,40,29.15480358
0.000878,0,0.024436656,40,29.18897229
0.000879,0,0.024547173,40,29.22312955
0.00088,0,0.024658052,40,29.25727535
0.000881,0,0.024769294,40,29.2914097
0.000882,0,0.024880898,40,29.3255326
0.000883,0,0.024992865,40,29.35964405
0.000884,0,0.025105197,40,29.39374407
0.000885,0,0.025217894,40,29.42783265
0.000886,0,0.025330957,40,29.46190979
0.000887,0,0.025444386,40,29.49597551
0.000888,0,0.025558183,40,29.53002979
0.000889,0,0.025672348,40,29.56407266
0.00089,0,0.025786881,40,29.59810411
0.000891,0,0.025901785,40,29.63212414
0.000892,0,0.026017058,40,29.66613276
0.000893,0,0.026132703,40,29.70012998
0.000894,0,0.026248719,40,29.73411579
0.000895,0,0.026365108,40,29.7680902
0.000896,0,0.026442856,40,29.75813897
0.000897,0,0.026520734,40,29.74819098
0.000898,0,0.026598744,40,29.73824622
0.000899,0,0.026676883,40,29.72830469
0.0009,0,0.026755153,40,29.71836638
0.000901,0,0.026833554,40,29.7084313
0.000902,0,0.026912083,40,29.69849945
0.000903,0,0.026990743,40,29.68857082
0.000904,0,0.027069532,40,29.67864542
0.000905,0,0.02714845,40,29.66872324
0.000906,0,0.027227497,40,29.65880428
0.000907,0,0.027306673,40,29.64888854
0.000908,0,0.027385977,40,29.63897603
0.000909,0,0.027506109,40,29.67298096
0.00091,0,0.027626618,40,29.70697449
0.000911,0,0.027747507,40,29.74095662
0.000912,0,0.027868774,40,29.77492735
0.000913,0,0.027990422,40,29.80888668
0.000914,0,0.02811245,40,29.84283462
0.000915,0,0.02823486,40,29.87677118
0.000916,0,0.028357652,40,29.91069634
0.000917,0,0.028480827,40,29.94461013
0.000918,0,0.028604386,40,29.97851255
0.000919,0,0.028728329,40,30.01240358
0.00092,0,0.028852658,40,30.04628325
0.000921,0,0.028977373,40,30.08015156
0.000922,0,0.029102475,40,30.1140085
0.000923,0,0.029227964,40,30.14785408
0.000924,0,0.029353841,40,30.18168831
0.000925,0,0.029480108,40,30.21551119
0.000926,0,0.029606764,40,30.24932272
0.000927,0,0.029733811,40,30.28312291
0.000928,0,0.029861249,40,30.31691175
0.000929,0,0.02998908,40,30.35068926
0.00093,0,0.030117303,40,30.38445544
0.000931,0,0.03024592,40,30.41821029
0.000932,0,0.030374931,40,30.45195382
0.000933,0,0.030504337,40,30.48568602
0.000934,0,0.03063414,40,30.5194069
0.000935,0,0.030764339,40,30.55311647
0.000936,0,0.030894935,40,30.58681473
0.000937,0,0.031025929,40,30.62050169
0.000938,0,0.031157323,40,30.65417734
0.000939,0,0.031289116,40,30.68784169
0.00094,0,0.031421309,40,30.72149474
0.000941,0,0.031553904,40,30.7551365
0.000942,0,0.031686901,40,30.78876698
0.000943,0,0.031820301,40,30.82238617
0.000944,0,0.031954104,40,30.85599408
0.000945,0,0.032088311,40,30.88959071
0.000946,0,0.032222924,40,30.92317606
0.000947,0,0.032357942,40,30.95675015
0.000948,0,0.032493367,40,30.99031297
0.000949,0,0.032629199,40,31.02386452
0.00095,0,0.032765439,40,31.05740482
0.000951,0,0.032902088,40,31.09093386
0.000952,0,0.033039147,40,31.12445165
0.000953,0,0.033176616,40,31.15795819
0.000954,0,0.033314497,40,31.19145349
0.000955,0,0.033452789,40,31.22493755
0.000956,0,0.033591495,40,31.25841037
0.000957,0,0.033730613,40,31.29187195
0.000958,0,0.033870146,40,31.32532231
0.000959,0,0.034010095,40,31.35876143
0.00096,0,0.034150458,40,31.39218934
0.000961,0,0.034291239,40,31.42560603
0.000962,0,0.034432437,40,31.4590115
0.000963,0,0.034574053,40,31.49240576
0.000964,0,0.034716088,40,31.52578881
0.000965,0,0.034858543,40,31.55916065
0.000966,0,0.035001418,40,31.5925213
0.000967,0,0.035144714,40,31.62587075
0.000968,0,0.035288433,40,31.659209
0.000969,0,0.035432574,40,31.69253606
0.00097,0,0.035577139,40,31.72585194
0.000971,0,0.035722128,40,31.75915664
0.000972,0,0.035867542,40,31.79245015
0.000973,0,0.036013383,40,31.82573249
0.000974,0,0.03615965,40,31.85900366
0.000975,0,0.036306344,40,31.89226366
0.000976,0,0.036453467,40,31.9255125
0.000977,0,0.036601019,40,31.95875017
0.000978,0,0.036749,40,31.99197669
0.000979,0,0.036897413,40,32.02519205
0.00098,0,0.037046256,40,32.05839626
0.000981,0,0.037195532,40,32.09158933
0.000982,0,0.037345241,40,32.12477125
0.000983,0,0.037495383,40,32.15794204
0.000984,0,0.03764596,40,32.19110168
0.000985,0,0.037796973,40,32.2242502
0.000986,0,0.037948421,40,32.25738759
0.000987,0,0.038100306,40,32.29051385
0.000988,0,0.038252629,40,32.32362899
0.000989,0,0.038405391,40,32.35673301
0.00099,0,0.038558591,40,32.38982592
0.000991,0,0.038712232,40,32.42290772
0.000992,0,0.038866313,40,32.45597841
0.000993,0,0.039020836,40,32.489038
0.000994,0,0.039175802,40,32.52208649
0.000995,0,0.039331211,40,32.55512388
0.000996,0,0.039433865,40,32.54423596
0.000997,0,0.039536668,40,32.53335158
0.000998,0,0.03963962,40,32.52247072
0.000999,0,0.039742721,40,32.51159341
,,,,
,,,,
,,,,
,,,,
,,,,
,,,,
,,,,
,,,,
,,,,
,,,,
,,,,
,,,,
,,,,
,,,,
,,,,
,,,,
,,,,
,,,,
,,,,
,,,,
,,,,
,,,,
,,,,
,,,,
,,,,
,,,,
,,,,
,,,,
,,,,
,,,,
,,,,
,,,,
,,,,
,,,,
,,,,
,,,,
,,,,
,,,,
,,,,
,,,,
,,,,
,,,,
,,,,
,,,,
,,,,
,,,,
,,,,
,,,,
,,,,
,,,,
,,,,
,,,,
,,,,
,,,,
,,,,
,,,,
,,,,
,,,,
,,,,
,,,,
,,,,
,,,,
,,,,
,,,,
,,,,
,,,,
,,,,
,,,,
,,,,
,,,,
,,,,
,,,,
,,,,
,,,,
,,,,
,,,,
,,,,
,,,,
,,,,
,,,,
,,,,
,,,,
,,,,
,,,,
,,,,
,,,,
,,,,
,,,,
,,,,
,,,,
,,,,
,,,,
,,,,
,,,,
,,,,
,,,,
,,,,
,,,,
,,,,
,,,,
,,,,
,,,,
,,,,
,,,,
,,,,
,,,,
,,,,
,,,,
,,,,
,,,,
,,,,
,,,,
,,,,
,,,,
,,,,
,,,,
,,,,
,,,,
,,,,
,,,,
,,,,
,,,,
,,,,
,,,,
,,,,
,,,,
,,,,
,,,,
,,,,
,,,,
,,,,
,,,,
,,,,
,,,,
,,,,
,,,,
,,,,
,,,,
,,,,
,,,,
,,,,
,,,,
,,,,
,,,,
,,,,
,,,,
,,,,
,,,,
,,,,
,,,,
,,,,
,,,,
,,,,
,,,,
,,,,
,,,,
,,,,
,,,,
,,,,
,,,,
,,,,
,,,,
,,,,
,,,,
,,,,
,,,,
,,,,
,,,,
,,,,
,,,,
,,,,
,,,,
,,,,
,,,,
,,,,
,,,,
,,,,
,,,,
,,,,
,,,,
,,,,
,,,,
,,,,
,,,,
,,,,
,,,,
,,,,
,,,,
,,,,
,,,,
,,,,
,,,,
,,,,
,,,,
,,,,
,,,,
,,,,
,,,,
,,,,
,,,,
,,,,
,,,,
,,,,
,,,,
,,,,
,,,,
,,,,
,,,,
,,,,
,,,,
,,,,
,,,,
,,,,
,,,,
,,,,
,,,,
,,,,
,,,,
,,,,
,,,,
,,,,
,,,,
,,,,
,,,,
,,,,
,,,,
,,,,
,,,,
,,,,
,,,,
,,,,
,,,,
,,,,
,,,,
,,,,
,,,,
,,,,
,,,,
,,,,
,,,,
,,,,
,,,,
,,,,
,,,,
,,,,
,,,,
,,,,
,,,,
,,,,
,,,,
,,,,
,,,,
,,,,
,,,,
,,,,
,,,,
,,,,
,,,,
,,,,
,,,,
,,,,
,,,,
,,,,
,,,,
,,,,
,,,,
,,,,
,,,,
,,,,
,,,,
,,,,
,,,,
,,,,
,,,,
,,,,
,,,,
,,,,
,,,,
,,,,
,,,,
,,,,
,,,,
,,,,
,,,,
,,,,
,,,,
,,,,
,,,,
,,,,
,,,,
,,,,
,,,,
,,,,
,,,,
,,,,
,,,,
,,,,
,,,,
,,,,
,,,,
,,,,
,,,,
,,,,
,,,,
,,,,
,,,,
,,,,
,,,,
,,,,
,,,,
,,,,
,,,,
,,,,
,,,,
,,,,
,,,,
,,,,
,,,,
,,,,
,,,,
,,,,
,,,,
,,,,
,,,,
,,,,
,,,,
,,,,
,,,,
,,,,
,,,,
,,,,
,,,,
,,,,
,,,,
,,,,
,,,,
,,,,
,,,,
,,,,
,,,,
,,,,
,,,,
,,,,
,,,,
,,,,
,,,,
,,,,
,,,,
,,,,
,,,,
,,,,
,,,,
,,,,
,,,,
,,,,
,,,,
,,,,
,,,,
,,,,
,,,,
,,,,
,,,,
,,,,
,,,,
,,,,
,,,,
,,,,
,,,,
,,,,
,,,,
,,,,
,,,,
,,,,
,,,,
,,,,
,,,,
,,,,
,,,,
,,,,
,,,,
,,,,
,,,,
,,,,
,,,,
,,,,
,,,,
,,,,
,,,,
,,,,
,,,,
,,,,
,,,,
,,,,
,,,,
,,,,
,,,,
,,,,
,,,,
,,,,
,,,,
,,,,
,,,,
,,,,
,,,,
,,,,
,,,,
,,,,
,,,,
,,,,
,,,,
,,,,
,,,,
,,,,
,,,,
,,,,
,,,,
,,,,
,,,,
,,,,
,,,,
,,,,
,,,,
,,,,
,,,,
,,,,
,,,,
,,,,
,,,,
,,,,
,,,,
,,,,
,,,,
,,,,
,,,,
,,,,
,,,,
,,,,
,,,,
,,,,
,,,,
,,,,
,,,,
,,,,
,,,,
,,,,
,,,,
,,,,
,,,,
,,,,
,,,,
,,,,
,,,,
,,,,
,,,,
,,,,
,,,,
,,,,
,,,,
,,,,
,,,,
,,,,
,,,,
,,,,
,,,,
,,,,
,,,,
,,,,
,,,,
,,,,
,,,,
,,,,
,,,,
,,,,
,,,,
,,,,
,,,,
,,,,
,,,,
,,,,
,,,,
,,,,
,,,,
,,,,
,,,,
,,,,
,,,,
,,,,
,,,,
,,,,
,,,,
,,,,
,,,,
,,,,
,,,,
,,,,
,,,,
,,,,
,,,,
,,,,
,,,,
,,,,
,,,,
,,,,
,,,,
,,,,
,,,,
,,,,
,,,,
,,,,
,,,,
,,,,
,,,,
,,,,
,,,,
,,,,
,,,,
,,,,
,,,,
,,,,
,,,,
,,,,
,,,,
,,,,
,,,,
,,,,
,,,,
,,,,
,,,,
,,,,
,,,,
,,,,
,,,,
,,,,
,,,,
,,,,
,,,,
,,,,
,,,,
,,,,
,,,,
,,,,
,,,,
,,,,
,,,,
,,,,
,,,,
,,,,
,,,,
,,,,
,,,,
,,,,
,,,,
,,,,
,,,,
,,,,
,,,,
,,,,
,,,,
,,,,
,,,,
,,,,
,,,,
,,,,
,,,,
,,,,
,,,,
,,,,
,,,,
,,,,
,,,,
,,,,
,,,,
,,,,
,,,,
,,,,
,,,,
,,,,
,,,,
,,,,
,,,,
,,,,
,,,,
,,,,
,,,,
,,,,
,,,,
,,,,
,,,,
,,,,
,,,,
,,,,
,,,,
,,,,
,,,,
,,,,
,,,,
,,,,
,,,,
,,,,
,,,,
,,,,
,,,,
,,,,
,,,,
,,,,
,,,,
,,,,
,,,,
,,,,
,,,,
,,,,
,,,,
,,,,
,,,,
,,,,
,,,,
,,,,
,,,,
,,,,
,,,,
,,,,
,,,,
,,,,
,,,,
,,,,
,,,,
,,,,
,,,,
,,,,
,,,,
,,,,
,,,,
,,,,
,,,,
,,,,
,,,,
,,,,
,,,,
,,,,
,,,,
,,,,
,,,,
,,,,
,,,,
,,,,
,,,,
,,,,
,,,,
,,,,
,,,,
,,,,
,,,,
,,,,
,,,,
,,,,
,,,,
,,,,
,,,,
,,,,
,,,,
,,,,
,,,,
,,,,
,,,,
,,,,
,,,,
,,,,
,,,,
,,,,
,,,,
,,,,
,,,,
,,,,
,,,,
,,,,
,,,,
,,,,
,,,,
,,,,
,,,,
,,,,
,,,,
,,,,
,,,,
,,,,
,,,,
,,,,
,,,,
,,,,
,,,,
,,,,
,,,,
,,,,
,,,,
,,,,
,,,,
,,,,
,,,,
,,,,
,,,,
,,,,
,,,,
,,,,
,,,,
,,,,
,,,,
,,,,
,,,,
,,,,
,,,,
,,,,
,,,,
,,,,
,,,,
,,,,
,,,,
,,,,
,,,,
,,,,
,,,,
,,,,
,,,,
,,,,
,,,,
,,,,
,,,,
,,,,
,,,,
,,,,
,,,,
,,,,
,,,,
,,,,
,,,,
,,,,
,,,,
,,,,
,,,,
,,,,
,,,,
,,,,
,,,,
,,,,
,,,,
,,,,
,,,,
,,,,
,,,,
,,,,
,,,,
,,,,
,,,,
,,,,
,,,,
,,,,
,,,,
,,,,
,,,,
,,,,
,,,,
,,,,
,,,,
,,,,
,,,,
,,,,
,,,,
,,,,
,,,,
,,,,
,,,,
,,,,
,,,,
,,,,
,,,,
,,,,
,,,,
,,,,
,,,,
,,,,
,,,,
,,,,
,,,,
,,,,
,,,,
,,,,
,,,,
,,,,
,,,,
,,,,
,,,,
,,,,
,,,,
,,,,
,,,,
,,,,
,,,,
,,,,
,,,,
,,,,
,,,,
,,,,
,,,,
,,,,
,,,,
,,,,
,,,,
,,,,
,,,,
,,,,
,,,,
,,,,
,,,,
,,,,
,,,,
,,,,
,,,,
,,,,
,,,,
,,,,
,,,,
,,,,
,,,,
,,,,
,,,,
,,,,
,,,,
,,,,
,,,,
,,,,
,,,,
,,,,
,,,,
,,,,
,,,,
,,,,
,,,,
,,,,
,,,,
,,,,
,,,,
,,,,
,,,,
,,,,
,,,,
,,,,
,,,,
,,,,
,,,,
,,,,
,,,,
,,,,
,,,,
,,,,
,,,,
,,,,
,,,,
,,,,
,,,,
,,,,
,,,,
,,,,
,,,,
,,,,
,,,,
,,,,
,,,,
,,,,
,,,,
,,,,
,,,,
,,,,
,,,,
,,,,
,,,,
,,,,
,,,,
,,,,
,,,,
,,,,
,,,,
,,,,
,,,,
,,,,
,,,,
,,,,
,,,,
,,,,
,,,,
,,,,
,,,,
,,,,
,,,,
,,,,
,,,,
,,,,
,,,,
,,,,
,,,,
,,,,
,,,,
,,,,
,,,,
,,,,
,,,,
,,,,
,,,,
,,,,
,,,,
,,,,
,,,,
,,,,
,,,,
,,,,
,,,,
,,,,
,,,,
,,,,
,,,,
,,,,
,,,,
,,,,
,,,,
,,,,
,,,,
,,,,
,,,,
,,,,
,,,,
,,,,
,,,,
,,,,
,,,,
,,,,
,,,,
,,,,
,,,,
,,,,
,,,,
,,,,
,,,,
,,,,
,,,,
,,,,
,,,,
,,,,
,,,,
,,,,
,,,,
,,,,
,,,,
,,,,
,,,,
,,,,
,,,,
,,,,
,,,,
,,,,
,,,,
,,,,
,,,,
,,,,
,,,,
,,,,
,,,,
,,,,
,,,,
,,,,
,,,,
,,,,
,,,,
,,,,
,,,,
,,,,
,,,,
,,,,
,,,,
,,,,
,,,,
,,,,
,,,,
,,,,
,,,,
,,,,
,,,,
,,,,
,,,,
,,,,
,,,,
,,,,
,,,,
,,,,
,,,,
,,,,
,,,,
,,,,
,,,,
,,,,
,,,,
,,,,
,,,,
,,,,
,,,,
,,,,
,,,,
,,,,
,,,,
,,,,
,,,,
,,,,
,,,,
,,,,
,,,,
,,,,
,,,,
,,,,
,,,,
,,,,
,,,,
,,,,
,,,,
,,,,
,,,,
,,,,
,,,,
,,,,
,,,,
,,,,
,,,,
,,,,
,,,,
,,,,
,,,,
,,,,
,,,,
,,,,
,,,,
,,,,
,,,,
,,,,
,,,,
,,,,
,,,,
,,,,
,,,,
,,,,
,,,,
,,,,
,,,,
,,,,
,,,,
,,,,
,,,,
,,,,
,,,,
,,,,
,,,,
,,,,
,,,,
,,,,
,,,,
,,,,
,,,,
,,,,
,,,,
,,,,
,,,,
,,,,
,,,,
,,,,
,,,,
,,,,
,,,,
,,,,
,,,,
,,,,
,,,,
,,,,
,,,,
,,,,
,,,,
,,,,
,,,,
,,,,
,,,,
,,,,
,,,,
,,,,
,,,,
,,,,
,,,,
,,,,
,,,,
,,,,
,,,,
,,,,
,,,,
,,,,
,,,,
,,,,
,,,,
,,,,
,,,,
,,,,
,,,,
,,,,
,,,,
,,,,
,,,,
,,,,
,,,,
,,,,
,,,,
,,,,
,,,,
,,,,
,,,,
,,,,
,,,,
,,,,
,,,,
,,,,
,,,,
,,,,
,,,,
,,,,
,,,,
,,,,
,,,,
,,,,
,,,,
,,,,
,,,,
,,,,
,,,,
,,,,
,,,,
,,,,
,,,,
,,,,
,,,,
,,,,
,,,,
,,,,
,,,,
,,,,
,,,,
,,,,
,,,,
,,,,
,,,,
,,,,
,,,,
,,,,
,,,,
,,,,
,,,,
,,,,
,,,,
,,,,
,,,,
,,,,
,,,,
,,,,
,,,,
,,,,
,,,,
,,,,
,,,,
,,,,
,,,,
,,,,
,,,,
,,,,
,,,,
,,,,
,,,,
,,,,
,,,,
,,,,
,,,,
,,,,
,,,,
,,,,
,,,,
,,,,
,,,,
,,,,
,,,,
,,,,
,,,,
,,,,
,,,,
,,,,
,,,,
,,,,
,,,,
,,,,
,,,,
,,,,
,,,,
,,,,
,,,,
,,,,
,,,,
,,,,
,,,,
,,,,
,,,,
,,,,
,,,,
,,,,
,,,,
,,,,
,,,,
,,,,
,,,,
,,,,
,,,,
,,,,
,,,,
,,,,
,,,,
,,,,
,,,,
,,,,
,,,,
,,,,
,,,,
,,,,
,,,,
,,,,
,,,,
,,,,
,,,,
,,,,
,,,,
,,,,
,,,,
,,,,
,,,,
,,,,
,,,,
,,,,
,,,,
,,,,
,,,,
,,,,
,,,,
,,,,
,,,,
,,,,
,,,,
,,,,
,,,,
,,,,
,,,,
,,,,
,,,,
,,,,
,,,,
,,,,
,,,,
,,,,
,,,,
,,,,
,,,,
,,,,
,,,,
,,,,
,,,,
,,,,
,,,,
,,,,
,,,,
,,,,
,,,,
,,,,
,,,,
,,,,
,,,,
,,,,
,,,,
,,,,
,,,,
,,,,
,,,,
,,,,
,,,,
,,,,
,,,,
,,,,
,,,,
,,,,
,,,,
,,,,
,,,,
,,,,
,,,,
,,,,
,,,,
,,,,
,,,,
,,,,
,,,,
,,,,
,,,,
,,,,
,,,,
,,,,
,,,,
,,,,
,,,,
,,,,
,,,,
,,,,
,,,,
,,,,
,,,,
,,,,
,,,,
,,,,
,,,,
,,,,
,,,,
,,,,
,,,,
,,,,
,,,,
,,,,
,,,,
,,,,
,,,,
,,,,
,,,,
,,,,
,,,,
,,,,
,,,,
,,,,
,,,,
,,,,
,,,,
,,,,
,,,,
,,,,
,,,,
,,,,
,,,,
,,,,
,,,,
,,,,
,,,,
,,,,
,,,,
,,,,
,,,,
,,,,
,,,,
,,,,
,,,,
,,,,
,,,,
,,,,
,,,,
,,,,
,,,,
,,,,
,,,,
,,,,
,,,,
,,,,
,,,,
,,,,
,,,,
,,,,
,,,,
,,,,
,,,,
,,,,
,,,,
,,,,
,,,,
,,,,
,,,,
,,,,
,,,,
,,,,
,,,,
,,,,
,,,,
,,,,
,,,,
,,,,
,,,,
,,,,
,,,,
,,,,
,,,,
,,,,
,,,,
,,,,
,,,,
,,,,
,,,,
,,,,
,,,,
,,,,
,,,,
,,,,
,,,,
,,,,
,,,,
,,,,
,,,,
,,,,
,,,,
,,,,
,,,,
,,,,
,,,,
,,,,
,,,,
,,,,
,,,,
,,,,
,,,,
,,,,
,,,,
,,,,
,,,,
,,,,
,,,,
,,,,
,,,,
,,,,
,,,,
,,,,
,,,,
,,,,
,,,,
,,,,
,,,,
,,,,
,,,,
,,,,
,,,,
,,,,
,,,,
,,,,
,,,,
,,,,
,,,,
,,,,
,,,,
,,,,
,,,,
,,,,
,,,,
,,,,
,,,,
,,,,
,,,,
,,,,
,,,,
,,,,
,,,,
,,,,
,,,,
,,,,
,,,,
,,,,
,,,,
,,,,
,,,,
,,,,
,,,,
,,,,
,,,,
,,,,
,,,,
,,,,
,,,,
,,,,
,,,,
,,,,
,,,,
,,,,
,,,,
,,,,
,,,,
,,,,
,,,,
,,,,
,,,,
,,,,
,,,,
,,,,
,,,,
,,,,
,,,,
,,,,
,,,,
,,,,
,,,,
,,,,
,,,,
,,,,
,,,,
,,,,
,,,,
,,,,
,,,,
,,,,
,,,,
,,,,
,,,,
,,,,
,,,,
,,,,
,,,,
,,,,
,,,,
,,,,
,,,,
,,,,
,,,,
,,,,
,,,,
,,,,
,,,,
,,,,
,,,,
,,,,
,,,,
,,,,
,,,,
,,,,
,,,,
,,,,
,,,,
,,,,
,,,,
,,,,
,,,,
,,,,
,,,,
,,,,
,,,,
,,,,
,,,,
,,,,
,,,,
,,,,
,,,,
,,,,
,,,,
,,,,
,,,,
,,,,
,,,,
,,,,
,,,,
,,,,
,,,,
,,,,
,,,,
,,,,
,,,,
,,,,
,,,,
,,,,
,,,,
,,,,
,,,,
,,,,
,,,,
,,,,
,,,,
,,,,
,,,,
,,,,
,,,,
,,,,
,,,,
,,,,
,,,,
,,,,
,,,,
,,,,
,,,,
,,,,
,,,,
,,,,
,,,,
,,,,
,,,,
,,,,
,,,,
,,,,
,,,,
,,,,
,,,,
,,,,
,,,,
,,,,
,,,,
,,,,
,,,,
,,,,
,,,,
,,,,
,,,,
,,,,
,,,,
,,,,
,,,,
,,,,
,,,,
,,,,
,,,,
,,,,
,,,,
,,,,
,,,,
,,,,
,,,,
,,,,
,,,,
,,,,
,,,,
,,,,
,,,,
,,,,
,,,,
,,,,
,,,,
,,,,
,,,,
,,,,
,,,,
,,,,
,,,,
,,,,
,,,,
,,,,
,,,,
,,,,
,,,,
,,,,
,,,,
,,,,
,,,,
,,,,
,,,,
,,,,
,,,,
,,,,
,,,,
,,,,
,,,,
,,,,
,,,,
,,,,
,,,,
,,,,
,,,,
,,,,
,,,,
,,,,
,,,,
,,,,
,,,,
,,,,
,,,,
,,,,
,,,,
,,,,
,,,,
,,,,
,,,,
,,,,
,,,,
,,,,
,,,,
,,,,
,,,,
,,,,
,,,,
,,,,
,,,,
,,,,
,,,,
,,,,
,,,,
,,,,
,,,,
,,,,
,,,,
,,,,
,,,,
,,,,
,,,,
,,,,
,,,,
,,,,
,,,,
,,,,
,,,,
,,,,
,,,,
,,,,
,,,,
,,,,
,,,,
,,,,
,,,,
,,,,
,,,,
,,,,
,,,,
,,,,
,,,,
,,,,
,,,,
,,,,
,,,,
,,,,
,,,,
,,,,
,,,,
,,,,
,,,,
,,,,
,,,,
,,,,
,,,,
,,,,
,,,,
,,,,
,,,,
,,,,
,,,,
,,,,
,,,,
,,,,
,,,,
,,,,
,,,,
,,,,
,,,,
,,,,
,,,,
,,,,
,,,,
,,,,
,,,,
,,,,
,,,,
,,,,
,,,,
,,,,
,,,,
,,,,
,,,,
,,,,
,,,,
,,,,
,,,,
,,,,
,,,,
,,,,
,,,,
,,,,
,,,,
,,,,
,,,,
,,,,
,,,,
,,,,
,,,,
,,,,
,,,,
,,,,
,,,,
,,,,
,,,,
,,,,
,,,,
,,,,
,,,,
,,,,
,,,,
,,,,
,,,,
,,,,
,,,,
,,,,
,,,,
,,,,
,,,,
,,,,
,,,,
,,,,
,,,,
,,,,
,,,,
,,,,
,,,,
,,,,
,,,,
,,,,
,,,,
,,,,
,,,,
,,,,
,,,,
,,,,
,,,,
,,,,
,,,,
,,,,
,,,,
,,,,
,,,,
,,,,
,,,,
,,,,
,,,,
,,,,
,,,,
,,,,
,,,,
,,,,
,,,,
,,,,
,,,,
,,,,
,,,,
,,,,
,,,,
,,,,
,,,,
,,,,
,,,,
,,,,
,,,,
,,,,
,,,,
,,,,
,,,,
,,,,
,,,,
,,,,
,,,,
,,,,
,,,,
,,,,
,,,,
,,,,
,,,,
,,,,
,,,,
,,,,
,,,,
,,,,
,,,,
,,,,
,,,,
,,,,
,,,,
,,,,
,,,,
,,,,
,,,,
,,,,
,,,,
,,,,
,,,,
,,,,
,,,,
,,,,
,,,,
,,,,
,,,,
,,,,
,,,,
,,,,
,,,,
,,,,
,,,,
,,,,
,,,,
,,,,
,,,,
,,,,
,,,,
,,,,
,,,,
,,,,
,,,,
,,,,
,,,,
,,,,
,,,,
,,,,
,,,,
,,,,
,,,,
,,,,
,,,,
,,,,
,,,,
,,,,
,,,,
,,,,
,,,,
,,,,
,,,,
,,,,
,,,,
,,,,
,,,,
,,,,
,,,,
,,,,
,,,,
,,,,
,,,,
,,,,
,,,,
,,,,
,,,,
,,,,
,,,,
,,,,
,,,,
,,,,
,,,,
,,,,
,,,,
,,,,
,,,,
,,,,
,,,,
,,,,
,,,,
,,,,
,,,,
,,,,
,,,,
,,,,
,,,,
,,,,
,,,,
,,,,
,,,,
,,,,
,,,,
,,,,
,,,,
,,,,
,,,,
,,,,
,,,,
,,,,
,,,,
,,,,
,,,,
,,,,
,,,,
,,,,
,,,,
,,,,
,,,,
,,,,
,,,,
,,,,
,,,,
,,,,
,,,,
,,,,
,,,,
,,,,
,,,,
,,,,
,,,,
,,,,
,,,,
,,,,
,,,,
,,,,
,,,,
,,,,
,,,,
,,,,
,,,,
,,,,
,,,,
,,,,
,,,,
,,,,
,,,,
,,,,
,,,,
,,,,
,,,,
,,,,
,,,,
,,,,
,,,,
,,,,
,,,,
,,,,
,,,,
,,,,
,,,,
,,,,
,,,,
,,,,
,,,,
,,,,
,,,,
,,,,
,,,,
,,,,
,,,,
,,,,
,,,,
,,,,
,,,,
,,,,
,,,,
,,,,
,,,,
,,,,
,,,,
,,,,
,,,,
,,,,
,,,,
,,,,
,,,,
,,,,
,,,,
,,,,
,,,,
,,,,
,,,,
,,,,
,,,,
,,,,
,,,,
,,,,
,,,,
,,,,
,,,,
,,,,
,,,,
,,,,
,,,,
,,,,
,,,,
,,,,
,,,,
,,,,
,,,,
,,,,
,,,,
,,,,
,,,,
,,,,
,,,,
,,,,
,,,,
,,,,
,,,,
,,,,
,,,,
,,,,
,,,,
,,,,
,,,,
,,,,
,,,,
,,,,
,,,,
,,,,
,,,,
,,,,
,,,,
,,,,
,,,,
,,,,
,,,,
,,,,
,,,,
,,,,
,,,,
,,,,
,,,,
,,,,
,,,,
,,,,
,,,,
,,,,
,,,,
,,,,
,,,,
,,,,
,,,,
,,,,
,,,,
,,,,
,,,,
,,,,
,,,,
,,,,
,,,,
,,,,
,,,,
,,,,
,,,,
,,,,
,,,,
,,,,
,,,,
,,,,
,,,,
,,,,
,,,,
,,,,
,,,,
,,,,
,,,,
,,,,
,,,,
,,,,
,,,,
,,,,
,,,,
,,,,
,,,,
,,,,
,,,,
,,,,
,,,,
,,,,
,,,,
,,,,
,,,,
,,,,
,,,,
,,,,
,,,,
,,,,
,,,,
,,,,
,,,,
,,,,
,,,,
,,,,
,,,,
,,,,
,,,,
,,,,
,,,,
,,,,
,,,,
,,,,
,,,,
,,,,
,,,,
,,,,
,,,,
,,,,
,,,,
,,,,
,,,,
,,,,
,,,,
,,,,
,,,,
,,,,
,,,,
,,,,
,,,,
,,,,
,,,,
,,,,
,,,,
,,,,
,,,,
,,,,
,,,,
,,,,
,,,,
,,,,
,,,,
,,,,
,,,,
,,,,
,,,,
,,,,
,,,,
,,,,
,,,,
,,,,
,,,,
,,,,
,,,,
,,,,
,,,,
,,,,
,,,,
,,,,
,,,,
,,,,
,,,,
,,,,
,,,,
,,,,
,,,,
,,,,
,,,,
,,,,
,,,,
,,,,
,,,,
,,,,
,,,,
,,,,
,,,,
,,,,
,,,,
,,,,
,,,,
,,,,
,,,,
,,,,
,,,,
,,,,
,,,,
,,,,
,,,,
,,,,
,,,,
,,,,
,,,,
,,,,
,,,,
,,,,
,,,,
,,,,
,,,,
,,,,
,,,,
,,,,
,,,,
,,,,
,,,,
,,,,
,,,,
,,,,
,,,,
,,,,
,,,,
,,,,
,,,,
,,,,
,,,,
,,,,
,,,,
,,,,
,,,,
,,,,
,,,,
,,,,
,,,,
,,,,
,,,,
,,,,
,,,,
,,,,
,,,,
,,,,
,,,,
,,,,
,,,,
,,,,
,,,,
,,,,
,,,,
,,,,
,,,,
,,,,
,,,,
,,,,
,,,,
,,,,
,,,,
,,,,
,,,,
,,,,
,,,,
,,,,
,,,,
,,,,
,,,,
,,,,
,,,,
,,,,
,,,,
,,,,
,,,,
,,,,
,,,,
,,,,
,,,,
,,,,
,,,,
,,,,
,,,,
,,,,
,,,,
,,,,
,,,,
,,,,
,,,,
,,,,
,,,,
,,,,
,,,,
,,,,
,,,,
,,,,
,,,,
,,,,
,,,,
,,,,
,,,,
,,,,
,,,,
,,,,
,,,,
,,,,
,,,,
,,,,
,,,,
,,,,
,,,,
,,,,
,,,,
,,,,
,,,,
,,,,
,,,,
,,,,
,,,,
,,,,
,,,,
,,,,
,,,,
,,,,
,,,,
,,,,
,,,,
,,,,
,,,,
,,,,
,,,,
,,,,
,,,,
,,,,
,,,,
,,,,
,,,,
,,,,
,,,,
,,,,
,,,,
,,,,
,,,,
,,,,
,,,,
,,,,
,,,,
,,,,
,,,,
,,,,
,,,,
,,,,
,,,,
,,,,
,,,,
,,,,
,,,,
,,,,
,,,,
,,,,
,,,,
,,,,
,,,,
,,,,
,,,,
,,,,
,,,,
,,,,
,,,,
,,,,
,,,,
,,,,
,,,,
,,,,
,,,,
,,,,
,,,,
,,,,
,,,,
,,,,
,,,,
,,,,
,,,,
,,,,
,,,,
,,,,
,,,,
,,,,
,,,,
,,,,
,,,,
,,,,
,,,,
,,,,
,,,,
,,,,
,,,,
,,,,
,,,,
,,,,
,,,,
,,,,
,,,,
,,,,
,,,,
,,,,
,,,,
,,,,
,,,,
,,,,
,,,,
,,,,
,,,,
,,,,
,,,,
,,,,
,,,,
,,,,
,,,,
,,,,
,,,,
,,,,
,,,,
,,,,
,,,,
,,,,
,,,,
,,,,
,,,,
,,,,
,,,,
,,,,
,,,,
,,,,
,,,,
,,,,
,,,,
,,,,
,,,,
,,,,
,,,,
,,,,
,,,,
,,,,
,,,,
,,,,
,,,,
,,,,
,,,,
,,,,
,,,,
,,,,
,,,,
,,,,
,,,,
,,,,
,,,,
,,,,
,,,,
,,,,
,,,,
,,,,
,,,,
,,,,
,,,,
,,,,
,,,,
,,,,
,,,,
,,,,
,,,,
,,,,
,,,,
,,,,
,,,,
,,,,
,,,,
,,,,
,,,,
,,,,
,,,,
,,,,
,,,,
,,,,
,,,,
,,,,
,,,,
,,,,
,,,,
,,,,
,,,,
,,,,
,,,,
,,,,
,,,,
,,,,
,,,,
,,,,
,,,,
,,,,
,,,,
,,,,
,,,,
,,,,
,,,,
,,,,
,,,,
,,,,
,,,,
,,,,
,,,,
,,,,
,,,,
,,,,
,,,,
,,,,
,,,,
,,,,
,,,,
,,,,
,,,,
,,,,
,,,,
,,,,
,,,,
,,,,
,,,,
,,,,
,,,,
,,,,
,,,,
,,,,
,,,,
,,,,
,,,,
,,,,
,,,,
,,,,
,,,,
,,,,
,,,,
,,,,
,,,,
,,,,
,,,,
,,,,
,,,,
,,,,
,,,,
,,,,
,,,,
,,,,
,,,,
,,,,
,,,,
,,,,
,,,,
,,,,
,,,,
,,,,
,,,,
,,,,
,,,,
,,,,
,,,,
,,,,
,,,,
,,,,
,,,,
,,,,
,,,,
,,,,
,,,,
,,,,
,,,,
,,,,
,,,,
,,,,
,,,,
,,,,
,,,,
,,,,
,,,,
,,,,
,,,,
,,,,
,,,,
,,,,
,,,,
,,,,
,,,,
,,,,
,,,,
,,,,
,,,,
,,,,
,,,,
,,,,
,,,,
,,,,
,,,,
,,,,
,,,,
,,,,
,,,,
,,,,
,,,,
,,,,
,,,,
,,,,
,,,,
,,,,
,,,,
,,,,
,,,,
,,,,
,,,,
,,,,
,,,,
,,,,
,,,,
,,,,
,,,,
,,,,
,,,,
,,,,
,,,,
,,,,
,,,,
,,,,
,,,,
,,,,
,,,,
,,,,
,,,,
,,,,
,,,,
,,,,
,,,,
,,,,
,,,,
,,,,
,,,,
,,,,
,,,,
,,,,
,,,,
,,,,
,,,,
,,,,
,,,,
,,,,
,,,,
,,,,
,,,,
,,,,
,,,,
,,,,
,,,,
,,,,
,,,,
,,,,
,,,,
,,,,
,,,,
,,,,
,,,,
,,,,
,,,,
,,,,
,,,,
,,,,
,,,,
,,,,
,,,,
,,,,
,,,,
,,,,
,,,,
,,,,
,,,,
,,,,
,,,,
,,,,
,,,,
,,,,
,,,,
,,,,
,,,,
,,,,
,,,,
,,,,
,,,,
,,,,
,,,,
,,,,
,,,,
,,,,
,,,,
,,,,
,,,,
,,,,
,,,,
,,,,
,,,,
,,,,
,,,,
,,,,
,,,,
,,,,
,,,,
,,,,
,,,,
,,,,
,,,,
,,,,
,,,,
,,,,
,,,,
,,,,
,,,,
,,,,
,,,,
,,,,
,,,,
,,,,
,,,,
,,,,
,,,,
,,,,
,,,,
,,,,
,,,,
,,,,
,,,,
,,,,
,,,,
,,,,
,,,,
,,,,
,,,,
,,,,
,,,,
,,,,
,,,,
,,,,
,,,,
,,,,
,,,,
,,,,
,,,,
,,,,
,,,,
,,,,
,,,,
,,,,
,,,,
,,,,
,,,,
,,,,
,,,,
,,,,
,,,,
,,,,
,,,,
,,,,
,,,,
,,,,
,,,,
,,,,
,,,,
,,,,
,,,,
,,,,
,,,,
,,,,
,,,,
,,,,
,,,,
,,,,
,,,,
,,,,
,,,,
,,,,
,,,,
,,,,
,,,,
,,,,
,,,,
,,,,
,,,,
,,,,
,,,,
,,,,
,,,,
,,,,
,,,,
,,,,
,,,,
,,,,
,,,,
,,,,
,,,,
,,,,
,,,,
,,,,
,,,,
,,,,
,,,,
,,,,
,,,,
,,,,
,,,,
,,,,
,,,,
,,,,
,,,,
,,,,
,,,,
,,,,
,,,,
,,,,
,,,,
,,,,
,,,,
,,,,
,,,,
,,,,
,,,,
,,,,
,,,,
,,,,
,,,,
,,,,
,,,,
,,,,
,,,,
,,,,
,,,,
,,,,
,,,,
,,,,
,,,,
,,,,
,,,,
,,,,
,,,,
,,,,
,,,,
,,,,
,,,,
,,,,
,,,,
,,,,
,,,,
,,,,
,,,,
,,,,
,,,,
,,,,
,,,,
,,,,
,,,,
,,,,
,,,,
,,,,
,,,,
,,,,
,,,,
,,,,
,,,,
,,,,
,,,,
,,,,
,,,,
,,,,
,,,,
,,,,
,,,,
,,,,
,,,,
,,,,
,,,,
,,,,
,,,,
,,,,
,,,,
,,,,
,,,,
,,,,
,,,,
,,,,
,,,,
,,,,
,,,,
,,,,
,,,,
,,,,
,,,,
,,,,
,,,,
,,,,
,,,,
,,,,
,,,,
,,,,
,,,,
,,,,
,,,,
,,,,
,,,,
,,,,
,,,,
,,,,
,,,,
,,,,
,,,,
,,,,
,,,,
,,,,
,,,,
,,,,
,,,,
,,,,
,,,,
,,,,
,,,,
,,,,
,,,,
,,,,
,,,,
,,,,
,,,,
,,,,
,,,,
,,,,
,,,,
,,,,
,,,,
,,,,
,,,,
,,,,
,,,,
,,,,
,,,,
,,,,
,,,,
,,,,
,,,,
,,,,
,,,,
,,,,
,,,,
,,,,
,,,,
,,,,
,,,,
,,,,
,,,,
,,,,
,,,,
,,,,
,,,,
,,,,
,,,,
,,,,
,,,,
,,,,
,,,,
,,,,
,,,,
,,,,
,,,,
,,,,
,,,,
,,,,
,,,,
,,,,
,,,,
,,,,
,,,,
,,,,
,,,,
,,,,
,,,,
,,,,
,,,,
,,,,
,,,,
,,,,
,,,,
,,,,
,,,,
,,,,
,,,,
,,,,
,,,,
,,,,
,,,,
,,,,
,,,,
,,,,
,,,,
,,,,
,,,,
,,,,
,,,,
,,,,
,,,,
,,,,
,,,,
,,,,
,,,,
,,,,
,,,,
,,,,
,,,,
,,,,
,,,,
,,,,
,,,,
,,,,
,,,,
,,,,
,,,,
,,,,
,,,,
,,,,
,,,,
,,,,
,,,,
,,,,
,,,,
,,,,
,,,,
,,,,
,,,,
,,,,
,,,,
,,,,
,,,,
,,,,
,,,,
,,,,
,,,,
,,,,
,,,,
,,,,
,,,,
,,,,
,,,,
,,,,
,,,,
,,,,
,,,,
,,,,
,,,,
,,,,
,,,,
,,,,
,,,,
,,,,
,,,,
,,,,
,,,,
,,,,
,,,,
,,,,
,,,,
,,,,
,,,,
,,,,
,,,,
,,,,
,,,,
,,,,
,,,,
,,,,
,,,,
,,,,
,,,,
,,,,
,,,,
,,,,
,,,,
,,,,
,,,,
,,,,
,,,,
,,,,
,,,,
,,,,
,,,,
,,,,
,,,,
,,,,
,,,,
,,,,
,,,,
,,,,
,,,,
,,,,
,,,,
,,,,
,,,,
,,,,
,,,,
,,,,
,,,,
,,,,
,,,,
,,,,
,,,,
,,,,
,,,,
,,,,
,,,,
,,,,
,,,,
,,,,
,,,,
,,,,
,,,,
,,,,
,,,,
,,,,
,,,,
,,,,
,,,,
,,,,
,,,,
,,,,
,,,,
,,,,
,,,,
,,,,
,,,,
,,,,
,,,,
